Fecha,IPC general,IPC variación mensual,IPC variación interanual,IPC variación acumulada con diciembre anterior,Alimentos y bebidas no alcohólicas,"Alimentos y bebidas no alcohólicas, variación mensual","Alimentos y bebidas no alcohólicas, variación interanual","Alimentos y bebidas no alcohólicas, variación acumulada",Salud,"Salud, variación mensual","Salud, variación interanual","Salud, variación acumulada"
1/1/2021,105.4,0.97,6.23,0.97,107.91,1.06,8.87,1.06,105.24,0.45,6.45,0.45
1/2/2021,106.12,0.68,7.09,1.66,108.04,0.13,8.96,1.19,105.74,0.48,6.58,0.93
1/3/2021,106.76,0.6,8.3,2.27,107.97,-0.07,9.05,1.12,106.29,0.51,6.89,1.45
1/4/2021,107.21,0.41,9.65,2.69,108.57,0.56,10.25,1.69,106.72,0.41,6.99,1.87
1/5/2021,107.9,0.65,10.48,3.36,109.39,0.76,13.14,2.45,107.26,0.51,6.86,2.38
1/6/2021,108.59,0.63,9.32,4.01,110.59,1.09,12.1,3.58,107.71,0.41,6.69,2.81
1/7/2021,109.17,0.54,7.88,4.57,111.6,0.91,9.84,4.52,108.16,0.42,6.06,3.24
1/8/2021,110.04,0.8,7.9,5.41,113.24,1.47,10.67,6.06,108.56,0.37,5.49,3.62
1/9/2021,110.54,0.45,7.74,5.88,113.88,0.57,10.12,6.66,108.89,0.3,5.15,3.93
1/10/2021,111.24,0.64,7.72,6.56,114.52,0.56,8.54,7.25,109.34,0.41,5.05,4.36
1/11/2021,112.45,1.08,8.23,7.71,115.68,1.01,8.06,8.34,109.59,0.23,4.93,4.6
1/12/2021,113.26,0.73,8.5,8.5,116.61,0.81,9.22,9.22,109.85,0.23,4.85,4.85
1/1/2022,114.6,1.18,8.73,1.18,117.98,1.17,9.34,1.17,110.33,0.45,4.85,0.45
1/2/2022,115.66,0.92,8.98,2.11,119.12,0.96,10.25,2.15,110.82,0.44,4.81,0.89
1/3/2022,116.43,0.67,9.05,2.8,120.52,1.18,11.62,3.35,111.37,0.49,4.78,1.39
1/4/2022,117.54,0.96,9.64,3.78,122.3,1.48,12.64,4.88,112.07,0.63,5.01,2.02
1/5/2022,118.12,0.49,9.47,4.29,123.47,0.96,12.87,5.88,112.64,0.51,5.01,2.54
1/6/2022,118.88,0.64,9.48,4.96,124.92,1.18,12.96,7.13,113.07,0.39,4.98,2.94
1/7/2022,119.47,0.5,9.43,5.48,125.37,0.36,12.34,7.51,113.5,0.38,4.94,3.33
1/8/2022,119.72,0.21,8.8,5.7,125.03,-0.28,10.41,7.21,113.97,0.41,4.98,3.75
1/9/2022,120.07,0.29,8.63,6.01,125.48,0.37,10.19,7.61,114.43,0.41,5.09,4.17
1/10/2022,120.41,0.28,8.24,6.31,125.84,0.29,9.89,7.92,114.8,0.32,5,4.51
1/11/2022,120.97,0.47,7.58,6.8,127.01,0.92,9.8,8.91,115.16,0.31,5.08,4.84
1/12/2022,122.13,0.96,7.83,7.83,129.67,2.09,11.19,11.19,115.55,0.33,5.19,5.19
1/1/2023,122.9,0.63,7.24,0.63,131.38,1.32,11.36,1.32,116.23,0.59,5.35,0.59
1/2/2023,123.04,0.11,6.38,0.74,130.8,-0.44,9.81,0.88,116.85,0.54,5.44,1.13
1/3/2023,123.3,0.21,5.9,0.96,131.14,0.26,8.82,1.14,117.49,0.55,5.5,1.68
1/4/2023,123.6,0.24,5.15,1.21,131.74,0.45,7.72,1.6,117.98,0.41,5.27,2.1
1/5/2023,123.36,-0.2,4.43,1.01,130.91,-0.63,6.02,0.96,118.29,0.27,5.02,2.37
1/6/2023,123.63,0.22,4,1.23,131.82,0.69,5.52,1.66,118.68,0.32,4.95,2.71
1/7/2023,124.19,0.45,3.95,1.69,133.24,1.08,6.27,2.76,119.13,0.38,4.96,3.1
1/8/2023,124.83,0.52,4.27,2.21,134.93,1.27,7.92,4.06,119.66,0.44,4.99,3.56
1/9/2023,125.37,0.43,4.41,2.65,136.37,1.07,8.68,5.17,120.01,0.3,4.87,3.86
1/10/2023,125.64,0.22,4.35,2.87,136.52,0.11,8.48,5.29,120.4,0.33,4.88,4.2
1/11/2023,125.81,0.14,4,3.01,136.34,-0.13,7.34,5.14,120.89,0.41,4.98,4.63
1/12/2023,126.49,0.54,3.57,3.57,137.58,0.92,6.11,6.11,121.14,0.2,4.84,4.84
1/1/2024,126.98,0.39,3.32,0.39,138.69,0.8,5.56,0.8,121.56,0.35,4.59,0.35
1/2/2024,127.09,0.09,3.3,0.48,138.13,-0.4,5.6,0.4,122.57,0.83,4.89,1.18
1/3/2024,127.47,0.3,3.39,0.78,138.25,0.08,5.42,0.48,123.49,0.75,5.1,1.94
1/4/2024,127.35,-0.1,3.03,0.68,137.25,-0.72,4.19,-0.24,124.12,0.51,5.2,2.46
1/5/2024,127.3,-0.04,3.2,0.64,136.34,-0.67,4.14,-0.91,124.68,0.46,5.4,2.93
1/6/2024,127.91,0.48,3.46,1.12,137.36,0.75,4.2,-0.16,125.22,0.43,5.52,3.37
1/7/2024,128.58,0.53,3.54,1.66,139.31,1.42,4.55,1.25,125.6,0.3,5.43,3.68
1/8/2024,129.1,0.4,3.42,2.07,139.88,0.42,3.67,1.67,126.08,0.38,5.37,4.08
1/9/2024,129.49,0.3,3.29,2.37,140.33,0.32,2.9,2,126.49,0.33,5.4,4.42
1/10/2024,129.61,0.09,3.16,2.47,139.86,-0.33,2.45,1.66,126.73,0.19,5.26,4.62
1/11/2024,129.81,0.16,3.18,2.63,139.7,-0.12,2.47,1.54,127.14,0.32,5.17,4.95
1/12/2024,130.72,0.7,3.35,3.35,141.84,1.53,3.09,3.09,127.56,0.33,5.3,5.3
1/1/2025,131.2,0.37,3.32,0.37,143.01,0.83,3.12,0.83,128.2,0.5,5.46,0.5
1/2/2025,131.62,0.32,3.56,0.69,143.38,0.25,3.8,1.09,128.92,0.56,5.18,1.07
1/3/2025,132.04,0.31,3.58,1.01,143.5,0.09,3.8,1.18,129.39,0.37,4.78,1.44
1/4/2025,132.07,0.03,3.71,1.03,143.26,-0.17,4.38,1,130.3,0.7,4.98,2.15
1/5/2025,132.18,0.08,3.84,1.12,143.04,-0.16,4.92,0.85,131.01,0.54,5.07,2.7
1/6/2025,132.46,0.21,3.56,1.33,143.01,-0.02,4.11,0.82,131.44,0.33,4.96,3.04
1/7/2025,132.95,0.38,3.4,1.71,143.68,0.47,3.14,1.3,131.93,0.37,5.04,3.43
1/8/2025,133.9,0.71,3.71,2.43,145.46,1.24,3.99,2.55,132.35,0.32,4.98,3.76
1/9/2025,134.35,0.34,3.76,2.77,146.5,0.72,4.4,3.29,132.67,0.24,4.88,4.01
1/10/2025,135.09,0.55,4.23,3.34,148.16,1.13,5.93,4.46,133.11,0.33,5.03,4.35
1/11/2025,136.06,0.71,4.81,4.08,151.06,1.96,8.13,6.5,133.65,0.4,5.12,4.77
1/12/2025,137.2,0.84,4.95,4.95,153.46,1.59,8.19,8.19,134.06,0.31,5.1,5.1
1/1/2026,137.74,0.4,4.98,0.4,154.5,0.68,8.03,0.68,134.75,0.52,5.12,0.52
1/2/2026,137.77,0.03,4.67,0.42,153.64,-0.56,7.16,0.12,135.82,0.79,5.35,1.31
1/3/2026,138.15,0.27,4.63,0.7,153.41,-0.15,6.9,-0.03,136.54,0.54,5.53,1.85
1/4/2026,138.82,0.49,5.11,1.19,153.31,-0.07,7.01,-0.1,137.12,0.42,5.24,2.28
1/5/2026,139.25,0.31,5.35,1.5,152.42,-0.58,6.56,-0.68,137.62,0.36,5.05,2.65
1/6/2026,139.96,0.51,5.67,2.02,153.04,0.41,7.01,-0.27,137.93,0.23,4.94,2.89
1/7/2026,140.22,0.19,5.47,2.21,153.38,0.23,6.75,-0.05,138.46,0.38,4.95,3.28
1/8/2026,140.76,0.38,5.13,2.6,154.03,0.42,5.89,0.37,138.94,0.34,4.98,3.64
