1, Alimentos y Bebidas No Alcohólicas,,,,,,,,,,
11,Alimentos,,,,,,,,,,
111,Pan,y,cereales,,,,,,,,
1111,Pan,,,,,,,,,,
111101,Pan,sobado,,,,,,,,,
111102,Pan,de,agua,,,,,,,,
111104,Pan,Integral,,,,,,,,,
1112,Galletas,y,productos,de,panadería,,,,,,
111201,Galletas,saladas,,,,,,,,,
111202,Bizcochos,,,,,,,,,,
111203,Galletas,dulces,,,,,,,,,
111204,Galletas,de,harina,,,,,,,,
111205,Galletas,de,soda,,,,,,,,
111206,Galletas,integrales,,,,,,,,,
1113,Cereales,y,harinas,,,,,,,,
111301,Corn,Flakes,,,,,,,,,
111302,Avena,,,,,,,,,,
111303,Harina,de,maíz,,,,,,,,
111304,Harina,de,trigo,,,,,,,,
111305,Cereales,envasados,,,,,,,,,
1114,Arroz,,,,,,,,,,
111401,Arroz,,,,,,,,,,
1115,Pastas,alimenticias,,,,,,,,,
111501,Spaghetti,,,,,,,,,,
111502,Fideos,,,,,,,,,,
111503,Pastas,cortas,,,,,,,,,
112,Carnes,,,,,,,,,,
1121,Carne,de,res,,,,,,,,
112101,Carne,corriente,de,res,,,,,,,
112102,Carne,de,bola,,,,,,,,
112103,Carne,molida,de,res,,,,,,,
1122,Carne,de,aves,,,,,,,,
112201,Pollo,fresco,,,,,,,,,
112202,Carne,de,gallina,,,,,,,,
112203,Pechuga,de,pollo,,,,,,,,
1123,Carne,de,cerdo,,,,,,,,
112301,Carne,corriente,de,cerdo,,,,,,,
112302,Chuleta,de,cerdo,,,,,,,,
112304,Pierna,de,cerdo,,,,,,,,
112305,Costillas,de,cerdo,,,,,,,,
1124,Otras,carnes,,,,,,,,,
112402,Hígado,de,res,,,,,,,,
1125,Embutidos,y,carnes,preparadas,,,,,,,
112501,Salami,,,,,,,,,,
112502,Chuleta,ahumada,,,,,,,,,
112503,Jamones,,,,,,,,,,
112504,Longaniza,,,,,,,,,,
112506,Salchichas,,,,,,,,,,
112507,Costillita,ahumada,de,cerdo,,,,,,,
112508,Jamoneta,,,,,,,,,,
113,Pescado,,,,,,,,,,
1131,Pescados,y,mariscos,"frescos,",refrigerados,y,congelados,,,,
113101,Pescado,fresco,y,refrigerado,,,,,,,
113102,Camarones,,,,,,,,,,
113103,Tilapia,,,,,,,,,,
1132,Pescados,procesados,y,en,conserva,,,,,,
113201,Bacalao,,,,,,,,,,
113202,Sardinas,,,,,,,,,,
113203,Arenque,,,,,,,,,,
113204,Atún,,,,,,,,,,
114,"Leche,",queso,y,huevos,,,,,,,
1141,Leche,,,,,,,,,,
114101,Leche,en,polvo,,,,,,,,
114102,Leche,evaporada,,,,,,,,,
114103,Leche,líquida,,,,,,,,,
114104,Leche,maternizada,,,,,,,,,
114105,Suplementos,alimenticios,(Ensure,y,similares),,,,,,
114106,Leche,de,origen,vegetal,,,,,,,
114107,Leche,saborizada,,,,,,,,,
114108,Leche,reforzada,,,,,,,,,
1142,Quesos,,,,,,,,,,
114201,Queso,blanco,,,,,,,,,
114202,Queso,cheddar,amarillo,,,,,,,,
114203,Queso,holandés,,,,,,,,,
114204,Otros,Quesos,"(Mozarella,",Danes),,,,,,,
114205,Queso,de,hoja,,,,,,,,
1143,Yogurt,y,otros,productos,lácteos,,,,,,
114301,Yogurt,,,,,,,,,,
1144,Huevos,,,,,,,,,,
114401,Huevos,,,,,,,,,,
115,Aceites,y,grasas,,,,,,,,
1151,Aceites,,,,,,,,,,
115101,Aceite,de,soya,,,,,,,,
115104,Aceite,puro,de,origen,vegetal,,,,,,
1152,Margarina,y,mantequilla,,,,,,,,
115202,Margarina,,,,,,,,,,
116,Frutas,,,,,,,,,,
1161,Frutas,frescas,,,,,,,,,
116101,Plátano,verde,,,,,,,,,
116102,Guineo,verde,,,,,,,,,
116103,Aguacate,,,,,,,,,,
116104,Plátano,maduro,,,,,,,,,
116105,Lechoza,,,,,,,,,,
116106,Naranjas,,,,,,,,,,
116107,Limón,agrio,,,,,,,,,
116108,Guineo,maduro,,,,,,,,,
116109,Piña,,,,,,,,,,
116110,Manzanas,,,,,,,,,,
116112,Chinola,,,,,,,,,,
116113,Uvas,,,,,,,,,,
1162,Frutas,secas,y,procesadas,,,,,,,
116201,Cocos,secos,,,,,,,,,
117,Legumbres-Hortalizas,,,,,,,,,,
1171,Leguminosas,,,,,,,,,,
117101,Habichuelas,pintas,secas,,,,,,,,
117102,Habichuelas,rojas,secas,,,,,,,,
117103,Guandules,verdes,,,,,,,,,
117104,Habichuelas,negras,secas,,,,,,,,
1172,Tubérculos,,,,,,,,,,
117201,Yuca,,,,,,,,,,
117202,Papa,,,,,,,,,,
117203,Ñame,,,,,,,,,,
117204,Yautía,,,,,,,,,,
117205,Batata,,,,,,,,,,
1173,Hortalizas,frescas,,,,,,,,,
117301,Cebolla,,,,,,,,,,
117302,Ajo,,,,,,,,,,
117303,Ajíes,,,,,,,,,,
117304,Tomates,,,,,,,,,,
117305,Berenjena,,,,,,,,,,
117306,Auyama,,,,,,,,,,
117307,Lechuga,,,,,,,,,,
117308,Repollo,,,,,,,,,,
117309,Zanahoria,,,,,,,,,,
117310,Tayota,,,,,,,,,,
117311,Apio,,,,,,,,,,
117312,Pepino,,,,,,,,,,
117313,Brócoli,y,Coliflor,,,,,,,,
1174,Productos,vegetales,en,conserva,,,,,,,
117402,Guandules,verdes,en,lata,,,,,,,
117403,Maíz,en,lata,,,,,,,,
1175,Derivados,de,tubérculos,,,,,,,,
117501,Papitas,fritas,snacks,,,,,,,,
117502,Snacks,y,picaderas,de,todo,tipo,(excepto,papitas,fritas),,
118,"Azúcar,",chocolate,y,dulces,de,azúcar,,,,,
1181,Azúcar,,,,,,,,,,
118101,Azúcar,morena,,,,,,,,,
118102,Azúcar,blanca,refinada,,,,,,,,
1182,"Dulces,",chocolates,y,golosinas,,,,,,,
118202,Chocolates,dulces,,,,,,,,,
118204,Miel,,,,,,,,,,
118205,Mentas,y,Chiclets,,,,,,,,
1183,Helados,,,,,,,,,,
118301,Helados,,,,,,,,,,
118302,Hielo,,,,,,,,,,
119,Otros,productos,alimenticios,,,,,,,,
1191,Sal,,,,,,,,,,
119101,Sal,,,,,,,,,,
1192,"Condimentos,",especies,y,aderezos,,,,,,,
119201,Pasta,de,tomate,,,,,,,,
119202,Verduras,,,,,,,,,,
119203,Sazón,en,polvo,,,,,,,,
119204,Sazón,líquido,,,,,,,,,
119205,Mayonesa,,,,,,,,,,
119206,Vinagre,,,,,,,,,,
119207,Canela,,,,,,,,,,
119208,Orégano,,,,,,,,,,
119209,Catchup,,,,,,,,,,
1193,Otros,productos,alimenticios,,,,,,,,
119301,Caldo,de,pollo,,,,,,,,
119302,Compota,,,,,,,,,,
119303,Sopa,instantánea,(sopa,china),,,,,,,
12,Bebidas,No,Alcohólicas,,,,,,,,
121,Café,y,cacao,,,,,,,,
1211,Café,,,,,,,,,,
121101,Café,,,,,,,,,,
1212,Chocolates,para,bebidas,,,,,,,,
121201,Chocolate,en,barra,,,,,,,,
121202,Chocolate,en,polvo,,,,,,,,
122,Aguas,"minerales,",refrescos,y,jugos,de,frutas,,,,
1221,Refrescos,,,,,,,,,,
122101,Refrescos,,,,,,,,,,
122103,Bebidas,hidratantes,,,,,,,,,
1222,Jugos,y,aguas,minerales,,,,,,,
122201,Agua,purificada,,,,,,,,,
122202,Jugos,envasados,,,,,,,,,
122203,Jugos,en,polvo,,,,,,,,
122204,Jugo,de,naranja,pasteurizado,,,,,,,
2,Bebidas,Alcohólicas,y,Tabaco,,,,,,,
21,Bebidas,Alcohólicas,,,,,,,,,
211,Bebidas,destiladas,,,,,,,,,
2111,Bebidas,destiladas,,,,,,,,,
211101,Whisky,,,,,,,,,,
211102,Ron,añejo,,,,,,,,,
211103,Ron,blanco,,,,,,,,,
211104,Ron,dorado,,,,,,,,,
212,Vino,,,,,,,,,,
2121,Vinos,,,,,,,,,,
212101,Vino,,,,,,,,,,
213,Cerveza,,,,,,,,,,
2131,Cerveza,,,,,,,,,,
213101,Cerveza,envasada,,,,,,,,,
213102,Malta,,,,,,,,,,
22,Tabaco,,,,,,,,,,
221,Tabaco,,,,,,,,,,
2211,Cigarrillos,y,tabaco,,,,,,,,
221101,Cigarrillos,,,,,,,,,,
3,Prendas,de,Vestir,y,Calzado,,,,,,
31,Prendas,de,Vestir,,,,,,,,
312,Prendas,de,vestir,,,,,,,,
3121,Prendas,de,vestir,para,hombre,y,niño,,,,
312101,Pantalón,sport,de,hombre,,,,,,,
312102,Poloshirt,para,hombre,,,,,,,,
312103,Camisa,de,vestir,para,hombre,,,,,,
312105,Pantalón,de,vestir,de,hombre,,,,,,
312107,Pantaloncillos,,,,,,,,,,
312110,Camiseta,interior,para,hombre,,,,,,,
3122,Prendas,de,vestir,para,mujer,,,,,,
312201,Blusa,de,vestir,para,mujer,,,,,,
312202,Blusa,sport,de,mujer,,,,,,,
312203,Pantalón,sport,de,mujer,,,,,,,
312204,Panties,,,,,,,,,,
312205,Trajes,para,mujer,,,,,,,,
312206,Brassiers,,,,,,,,,,
312207,Pantalón,de,vestir,de,mujer,,,,,,
312209,Falda,para,mujer,,,,,,,,
3123,Prendas,de,vestir,de,niños,y,niñas,,,,
312301,Conjunto,para,bebé,,,,,,,,
312302,Pantalón,de,jeans,para,niños,,,,,,
312303,T-shirt,para,niño,,,,,,,,
312304,Conjunto,para,niña,,,,,,,,
312305,Uniforme,escolar,,,,,,,,,
312306,T-shirt,para,niña,,,,,,,,
313,Otros,artículos,y,accesorios,de,vestir,,,,,
3131,Accesorios,de,vestir,,,,,,,,
313101,Correa,de,cuero,,,,,,,,
313102,Gorra,deportiva,para,hombre,,,,,,,
314,"Limpieza,",reparación,y,alquiler,de,prendas,de,vestir,,,
3141,Confección,y,reparación,de,ropa,,,,,,
314102,Limpieza,de,ropa,en,lavandería,,,,,,
32,Calzado,,,,,,,,,,
321,Zapatos,y,otros,calzados,,,,,,,
3211,Zapatos,para,hombre,,,,,,,,
321101,Tenis,para,hombres,,,,,,,,
321102,Zapatos,para,hombre,,,,,,,,
321104,Chancleta,o,calipso,para,hombre,,,,,,
3212,Zapatos,para,mujer,,,,,,,,
321201,Zapatillas,para,mujer,,,,,,,,
321202,Zapatos,para,mujer,,,,,,,,
321203,Tenis,para,mujer,,,,,,,,
321205,Chancleta,o,calipso,para,mujer,,,,,,
3214,Zapatos,para,niños,y,niñas,,,,,,
321401,Tenis,para,niños,,,,,,,,
321402,Zapatos,para,niños,,,,,,,,
4,Vivienda,,,,,,,,,,
41,Alquileres,Efectivos,de,Alojamiento,,,,,,,
411,Alquileres,efectivos,,,,,,,,,
4111,Alquiler,de,la,vivienda,,,,,,,
411101,Alquiler,de,vivienda,,,,,,,,
43,Conservación,y,Reparación,de,la,Vivienda,,,,,
431,Materiales,para,la,conservación,y,reparación,de,la,vivienda,,
4311,Materiales,para,la,conservación,de,la,vivienda,,,,
431101,Pinturas,,,,,,,,,,
432,Servicios,para,la,conservación,y,la,reparación,de,la,vivienda,
4321,Servicios,para,la,conservación,de,la,vivienda,,,,
432101,Reparación,de,puertas,,,,,,,,
432103,Servicios,de,mantenimiento,de,la,vivienda,,,,,
44,Suministro,de,Agua,y,Servicios,Relacionados,con,la,Vivienda,,
441,Suministro,de,agua,,,,,,,,
4411,Suministro,de,agua,,,,,,,,
441101,Servicio,de,agua,,,,,,,,
441102,Agua,servida,por,camiones,,,,,,,
442,Recogida,de,basura,,,,,,,,
4421,Recogida,de,basura,,,,,,,,
442101,Servicio,de,recogida,de,basura,,,,,,
443,Otros,servicios,relacionados,con,la,vivienda,,,,,
4431,Otros,servicios,relacionados,con,la,vivienda,,,,,
443101,Gastos,comunes,en,copropiedad,,,,,,,
45,"Electricidad,",Gas,y,Otros,Combustibles,,,,,,
451,Electricidad,,,,,,,,,,
4511,Electricidad,,,,,,,,,,
451101,Servicio,de,energía,eléctrica,,,,,,,
452,Gas,,,,,,,,,,
4521,Gas,,,,,,,,,,
452101,Gas,licuado,de,uso,doméstico,,,,,,
453,Combustibles,líquidos,,,,,,,,,
4531,Otros,combustibles,,,,,,,,,
453101,Gas,kerosene,,,,,,,,,
453102,Trementina,,,,,,,,,,
454,Combustibles,sólidos,,,,,,,,,
4541,Combustibles,sólidos,,,,,,,,,
454101,Carbón,vegetal,,,,,,,,,
5,Muebles,y,Artículos,para,el,Hogar,,,,,
51,Muebles,y,Accesorios,,,,,,,,
511,Muebles,y,accesorios,,,,,,,,
5111,Muebles,y,accesorios,,,,,,,,
511101,Juego,de,sala,,,,,,,,
511102,Camas,,,,,,,,,,
511103,Juego,de,comedor,,,,,,,,
511104,Colchón,,,,,,,,,,
511105,Cuna,,,,,,,,,,
513,Reparación,de,muebles,,,,,,,,
5131,Reparación,de,muebles,,,,,,,,
513101,Reparación,de,muebles,,,,,,,,
52,Productos,Textiles,para,el,Hogar,,,,,,
521,Productos,textiles,para,el,hogar,,,,,,
5211,Productos,textiles,para,el,hogar,,,,,,
521101,Sábanas,,,,,,,,,,
521103,Mosquiteros,,,,,,,,,,
521104,Toallas,,,,,,,,,,
521105,Colchas,ó,cubrecamas,,,,,,,,
521106,Cortinas,de,tela,,,,,,,,
521107,Almohadas,,,,,,,,,,
53,Artefactos,para,el,Hogar,,,,,,,
531,Artefactos,para,el,hogar,"grandes,",eléctricos,o,no,,,
5311,Artefactos,grandes,para,el,hogar,,,,,,
531101,Nevera,,,,,,,,,,
531102,Lavadora,,,,,,,,,,
531103,Estufa,de,gas,,,,,,,,
531105,Equipos,de,climatización,,,,,,,,
532,Artefactos,eléctricos,para,el,hogar,pequeños,,,,,
5321,Artefactos,pequeños,para,el,hogar,,,,,,
532101,Abanicos,portátiles,,,,,,,,,
532102,Licuadora,,,,,,,,,,
54,Artículos,de,Vidrio,y,Utensilios,para,el,Hogar,,,
541,Artículos,de,vidrio,y,utensilios,no,eléctricoss,,,,
5411,Artículos,y,utensilios,para,el,hogar,,,,,
541103,Cuchillo,,,,,,,,,,
541104,Utensilios,para,cocina,,,,,,,,
541105,Vajilla,para,el,hogar,,,,,,,
55,Herramientas,y,Equipos,para,el,Hogar,,,,,
552,Herramientas,pequeñas,y,accesorios,diversos,,,,,,
5521,Herramientas,y,artefactos,pequeños,para,el,hogar,,,,
552101,Bombillas,,,,,,,,,,
552103,Cerradura,de,puerta,para,el,hogar,,,,,
56,Bienes,y,Servicios,para,Conservación,del,Hogar,,,,
561,Bienes,para,el,hogar,no,duraderos,,,,,
5611,Productos,de,limpieza,y,artículos,para,el,hogar,,,
561101,Detergentes,,,,,,,,,,
561102,Cloro,,,,,,,,,,
561103,Jabones,,,,,,,,,,
561104,Velas,,,,,,,,,,
561105,Desinfectantes,,,,,,,,,,
561106,Suavizante,de,ropa,,,,,,,,
561107,Fósforos,,,,,,,,,,
561109,Brillo,verde,,,,,,,,,
561110,Ambientadores,,,,,,,,,,
561111,Escobas,y,suaper,,,,,,,,
562,Servicios,domésticos,y,para,el,hogar,,,,,
5621,Servicio,doméstico,,,,,,,,,
562101,Servicio,doméstico,,,,,,,,,
6,Salud,,,,,,,,,,
61,"Productos,",Artefactos,y,Equipos,Médicos,,,,,,
611,Productos,Farmacéuticos,,,,,,,,,
6111,Productos,farmacéuticos,,,,,,,,,
611101,Antihipertensivos,,,,,,,,,,
611102,Antibióticos,,,,,,,,,,
611103,Antigripales,,,,,,,,,,
611104,Analgésicos,,,,,,,,,,
611105,Vitaminas,,,,,,,,,,
611106,Antiinflamatorios,,,,,,,,,,
611107,Insulina,,,,,,,,,,
611108,Antiácidos,,,,,,,,,,
611109,Antidiarréicos,y,antiespasmódicos,,,,,,,,
611110,Antiparasitarios,,,,,,,,,,
611111,Complejo,B,,,,,,,,,
611112,Gotas,oftálmologicas,,,,,,,,,
611113,Antialérgicos,y,Antihistamínicos,,,,,,,,
611114,Medicamento,para,las,Tiroides,,,,,,,
611115,Medicamento,para,la,diabetes,(no,insulina),,,,,
611116,Antiulceroso,,,,,,,,,,
611117,Medicamentos,para,el,sistema,nervioso,,,,,,
611120,Medicamento,para,Osteoporosis,,,,,,,,
611122,Antitusivo,y,broncodilatador,,,,,,,,
611123,Anticonceptivo,oral,,,,,,,,,
613,Artefactos,y,equipo,terapéuticos,,,,,,,
6131,Artefactos,y,equipo,terapéuticos,,,,,,,
613101,Anteojos,,,,,,,,,,
62,Servicios,para,Pacientes,Externos,,,,,,,
621,Servicios,médicos,,,,,,,,,
6211,Servicios,médicos,,,,,,,,,
621101,Consulta,médico,ginecólogo,,,,,,,,
621102,Consulta,médico,general,,,,,,,,
621103,Consulta,médico,cardiólogo,,,,,,,,
621104,Consulta,médico,pediatra,,,,,,,,
622,Servicios,dentales,,,,,,,,,
6221,Servicios,dentales,,,,,,,,,
622102,Consulta,odontológica,,,,,,,,,
622104,Servicio,de,ortodoncia,,,,,,,,
623,Servicios,paramédicos,,,,,,,,,
6231,Análisis,de,laboratorio,,,,,,,,
623101,Análisis,de,laboratorio,,,,,,,,
6232,Estudios,de,sonido,e,imagen,,,,,,
623201,Análisis,de,imágenes,,,,,,,,
623202,Pruebas,de,imágenes,especializadas,,,,,,,
63,Servicios,de,Hospital,,,,,,,,
631,Servicios,de,hospital,,,,,,,,
6311,Servicios,de,hospital,,,,,,,,
631101,Internamiento,,,,,,,,,,
631102,Costo,de,cirugía,,,,,,,,
7,Transporte,,,,,,,,,,
71,Adquisición,de,Vehículos,,,,,,,,
711,Vehículos,a,motor,,,,,,,,
7111,Adquisición,de,vehículos,,,,,,,,
711101,Automóviles,,,,,,,,,,
712,Motocicletas,,,,,,,,,,
7121,Adquisición,de,motocicletas,,,,,,,,
712101,Motocicletas,,,,,,,,,,
72,Funcionamiento,de,Equipo,de,Transporte,,,,,,
721,Piezas,de,repuestos,y,accesorios,para,equipo,de,transporte,,
7211,Repuestos,y,accesorios,para,vehículos,,,,,,
721101,Gomas,,,,,,,,,,
721102,Baterías,de,vehículo,,,,,,,,
721103,Filtros,de,vehículo,,,,,,,,
721104,Bujías,,,,,,,,,,
721105,Banda,de,frenos,,,,,,,,
722,Combustibles,y,lubricantes,para,equipo,de,transporte,,,,
7221,Combustibles,y,lubricantes,para,vehículos,,,,,,
722101,Gasolina,regular,,,,,,,,,
722102,Gasolina,premium,,,,,,,,,
722103,Gas,licuado,para,vehículos,(GLP),,,,,,
722104,Gasoil,,,,,,,,,,
722105,Lubricantes,y,aceites,para,vehículos,,,,,,
723,Conservación,y,reparación,de,equipo,de,transporte,,,,
7231,Conservación,y,reparación,de,vehículos,,,,,,
723101,Servicio,de,reparación,de,vehículos,,,,,,
723102,Lavado,del,vehículo,,,,,,,,
724,Otros,servicios,relativos,al,equipo,de,transporte,,,,
7241,Otros,servicios,relativos,al,equipo,de,transporte,,,,
724101,Peajes,,,,,,,,,,
724102,Licencia,de,conducir,(renovación),,,,,,,
73,Servicios,de,Transporte,,,,,,,,
732,Transporte,de,pasajeros,por,carretera,,,,,,
7321,Transporte,terrestre,urbano,,,,,,,,
732101,Pasaje,en,carro,público,,,,,,,
732102,Pasaje,en,motoconcho,,,,,,,,
732103,Pasaje,en,autobús,urbano,,,,,,,
732104,Servicio,de,taxi,,,,,,,,
732105,Transporte,escolar,,,,,,,,,
732106,Metro,,,,,,,,,,
7322,Transporte,terrestre,interurbano,,,,,,,,
732201,Pasaje,en,guaguas,sindicalizadas,,,,,,,
732202,Pasajes,en,guaguas,de,empresas,privadas,,,,,
732203,Pasaje,interurbano,en,camioneta,,,,,,,
733,Transporte,de,pasajeros,por,aire,,,,,,
7331,Transporte,aéreo,,,,,,,,,
733101,Pasaje,al,exterior,,,,,,,,
8,Comunicaciones,,,,,,,,,,
82,Equipos,Telefónicos,,,,,,,,,
821,Equipos,Telefónicos,,,,,,,,,
8211,Equipos,Telefónicos,,,,,,,,,
821101,Equipo,telefónico,celular,,,,,,,,
83,Servicios,Telefónicos,,,,,,,,,
831,Servicios,telefónicos,,,,,,,,,
8311,Servicios,de,telefonía,fija,,,,,,,
831101,Servicio,telefónico,fijo,,,,,,,,
831102,Servicio,de,internet,,,,,,,,
831104,Servicios,combinados,de,"telefonía,",televisión,pagada,e,internet,,,
8312,Servicios,de,telefonía,celular,,,,,,,
831201,Servicios,de,telefonía,celular,,,,,,,
9,Recreación,y,Cultura,,,,,,,,
91,Equipo,Audiovisual,y,de,Procesamiento,de,Información,,,,
911,Equipo,para,la,"recepción,","grabación,",y,reproducción,de,sonidos,e,imágenes
9111,Equipos,de,audio,y,video,,,,,,
911101,Televisor,,,,,,,,,,
911104,Accesorios,para,equipos,de,sonido,,,,,,
913,Equipo,de,procesamiento,,,,,,,,
9131,Equipo,de,procesamiento,,,,,,,,
913101,Computadoras,y,tablets,,,,,,,,
93,Otros,Artículos,y,Equipo,para,Recreación,y,Animales,Domésticos,,
931,Juegos,y,juguetes,,,,,,,,
9311,Juegos,y,juguetes,,,,,,,,
931101,Juguetes,,,,,,,,,,
932,Equipo,de,deportes,y,recreación,al,aire,libre,,,
9321,Equipos,de,deporte,y,recreación,,,,,,
932102,Equipos,para,deportes,,,,,,,,
934,Animales,domésticos,,,,,,,,,
9341,Animales,domésticos,y,productos,conexos,,,,,,
934101,Alimentos,para,animales,domésticos,,,,,,,
934102,Productos,para,cuidado,de,mascotas,,,,,,
935,Servicios,de,veterinaria,y,de,otros,tipos,de,animales,domésticos,
9351,Servicios,de,veterinaria,y,de,otros,tipos,de,animales,domésticos,
935101,Servicios,de,veterinaria,para,animales,domésticos,,,,,
94,Servicios,de,Recreación,y,Culturales,,,,,,
941,Servicios,de,recreación,y,deportivos,,,,,,
9411,Servicio,de,recreación,y,deporte,,,,,,
941101,Cuota,de,gimnasio,,,,,,,,
942,Servicios,culturales,,,,,,,,,
9421,Servicio,de,cultura,,,,,,,,
942101,Televisión,por,suscripción,,,,,,,,
942103,Cine,,,,,,,,,,
943,Juegos,de,azar,,,,,,,,
9431,Juegos,de,azar,,,,,,,,
943101,Loterias,,,,,,,,,,
95,"Periódicos,",Libros,y,Papeles,y,Útiles,de,Oficina,,,
951,Libros,,,,,,,,,,
9511,Libros,,,,,,,,,,
951101,Libros,escolares,,,,,,,,,
951102,Textos,universitarios,,,,,,,,,
954,Papel,y,útiles,de,oficina,,,,,,
9541,Papel,y,útiles,de,oficina,,,,,,
954101,Cuadernos,,,,,,,,,,
954102,Lápiz,,,,,,,,,,
954103,Goma,de,borrar,,,,,,,,
954104,Resma,de,papel,blanco,"8.5""",x,"11""",,,,
96,Paquetes,Turísticos,,,,,,,,,
961,Paquetes,turísticos,,,,,,,,,
9611,Paquetes,turísticos,,,,,,,,,
961101,Paquetes,turísticos,,,,,,,,,
10,Educación,,,,,,,,,,
101,Enseñanza,Preescolar,y,Enseñanza,Primaria,,,,,,
1011,Enseñanza,preescolar,y,enseñanza,primaria,,,,,,
10111,Enseñanza,preescolar,,,,,,,,,
1011101,Enseñanza,preescolar,,,,,,,,,
10112,Enseñanza,primaria,,,,,,,,,
1011201,Enseñanza,primaria,,,,,,,,,
102,Enseñanza,Secundaria,,,,,,,,,
1021,Enseñanza,secundaria,,,,,,,,,
10211,Enseñanza,secundaria,,,,,,,,,
1021101,Enseñanza,secundaria,,,,,,,,,
104,Enseñanza,Terciaria,,,,,,,,,
1041,Enseñanza,terciaria,,,,,,,,,
10411,Enseñanza,universitaria,,,,,,,,,
1041101,Enseñanza,universitaria,,,,,,,,,
105,Enseñanza,no,Atribuible,a,Ningún,Nivel,,,,,
1051,Enseñanza,no,atribuible,a,ningún,nivel,,,,,
10511,Enseñanza,no,atribuible,a,ningún,nivel,,,,,
1051101,Clases,de,idiomas,,,,,,,,
11,Restaurantes,y,Hoteles,,,,,,,,
111,Servicios,de,Suministro,de,Comidas,por,Contrato,,,,
1111,"Restaurantes,",cafés,y,establecimientos,similares,,,,,,
11111,Servicio,de,comida,fuera,del,hogar,,,,,
1111101,Plato,del,día,,,,,,,,
1111102,Servicio,de,víveres,con,acompañamiento,,,,,,
1111103,Servicio,de,pollo,,,,,,,,
1111104,Sandwiches,,,,,,,,,,
1111105,Pizza,,,,,,,,,,
1111106,Empanadas,,,,,,,,,,
1111107,Comida,china,,,,,,,,,
1111108,Hamburguesas,,,,,,,,,,
1111116,Postres,,,,,,,,,,
1111117,Hot,Dog,,,,,,,,,
11112,Bebidas,alcohólicas,y,no,alcohólicas,servidas,,,,,
1111201,Cerveza,servida,fuera,del,hogar,,,,,,
1111202,Jugo,servido,fuera,del,hogar,,,,,,
1111203,Batida,de,fruta,con,leche,,,,,,
1111204,Gaseosa,servida,fuera,del,hogar,,,,,,
1111205,Café,servido,fuera,del,hogar,,,,,,
112,Servicios,de,Alojamiento,,,,,,,,
1121,Servicios,de,alojamiento,,,,,,,,
11211,Servicios,de,alojamiento,,,,,,,,
1121101,Servicio,de,alojamiento,,,,,,,,
12,Bienes,y,Servicios,Diversos,,,,,,,
121,Cuidado,Personal,,,,,,,,,
1211,Salones,de,peluquería,,,,,,,,
12111,Servicios,de,cuidado,personal,,,,,,,
1211101,Lavado,y,peinado,de,pelo,,,,,,
1211102,Corte,de,pelo,para,hombre,,,,,,
1211103,Aplicación,de,desrizado,,,,,,,,
1211104,Aplicación,de,tintes,,,,,,,,
1211105,Arreglo,de,uñas,(Manicure),,,,,,,
1211106,Arreglo,de,pies,(Pedicure),,,,,,,
1211107,Corte,de,pelo,para,mujer,,,,,,
1211108,"Afeitado,",Arreglo,de,barba,y,Cerquillo,,,,,
1213,Otros,"aparatos,",artículos,y,productos,para,la,atención,personal,,
12131,Artículos,de,cuidado,personal,,,,,,,
1213101,Pañales,desechables,,,,,,,,,
1213102,Desodorantes,,,,,,,,,,
1213103,Papel,higiénico,,,,,,,,,
1213104,Perfumes,,,,,,,,,,
1213105,Pasta,dental,,,,,,,,,
1213106,Toallas,sanitarias,,,,,,,,,
1213107,Jabón,de,baño,,,,,,,,
1213108,Rasuradora,,,,,,,,,,
1213109,Shampoo,,,,,,,,,,
1213110,Tratamientos,para,el,pelo,,,,,,,
1213111,Tintes,para,el,cabello,,,,,,,
1213112,Cremas,para,la,piel,,,,,,,
1213113,Rinse,y,acondicionador,,,,,,,,
1213114,Enjuague,bucal,,,,,,,,,
1213115,Cepillos,de,dientes,,,,,,,,
1213117,Cepillos,para,el,cabello,,,,,,,
1213118,Toallitas,húmedas,(Wipes),,,,,,,,
1213119,Linea,de,productos,para,el,pelo,,,,,
1213120,Jabones,íntimos,,,,,,,,,
1213122,Crema,facial,,,,,,,,,
1213124,Cosméticos,,,,,,,,,,
1213125,Esmalte,de,uñas,,,,,,,,
1213126,Crema,para,pañales,,,,,,,,
123,Efectos,Personales,,,,,,,,,
1231,"Joyería,",relojes,de,pared,y,relojes,de,pulsera,,,
12311,Joyería,y,relojes,,,,,,,,
1231102,Relojes,de,pulsera,,,,,,,,
1231103,Joyas,de,fantasía,,,,,,,,
1232,Otros,efectos,personales,,,,,,,,
12321,Otros,efectos,personales,,,,,,,,
1232101,Carteras,para,mujer,,,,,,,,
1232102,Mochilas,,,,,,,,,,
1232103,Lentes,de,sol,,,,,,,,
124,Protección,social,,,,,,,,,
1241,Protección,social,,,,,,,,,
12411,Protección,social,,,,,,,,,
1241101,Guardería,,,,,,,,,,
125,Seguros,,,,,,,,,,
1253,Seguro,relacionado,con,la,salud,,,,,,
12531,Seguro,relacionado,con,la,salud,,,,,,
1253101,Seguro,de,salud,,,,,,,,
1254,Seguro,relacionado,con,el,transporte,,,,,,
12541,Seguro,relacionado,con,el,transporte,,,,,,
1254101,Seguros,de,vehículos,,,,,,,,
1255,Otros,seguros,,,,,,,,,
12551,Otros,Seguros,,,,,,,,,
1255101,Seguros,de,servicio,funerario,,,,,,,
127,Otros,Servicios,,,,,,,,,
1271,Otros,servicios,,,,,,,,,
12711,Otros,servicios,,,,,,,,,
1271101,Celebración,de,cumpleaños,,,,,,,,
1271102,Honorarios,a,abogados,,,,,,,,
1271103,Servicios,funerarios,,,,,,,,,
1271104,Fotocopias,,,,,,,,,,
1271105,Trámite,para,pasaporte,(renovación),,,,,,,
Indice,General,,,,,,,,,,
